,BUS 1,BUS 2,BUS 3,BUS 4,BUS 5,BUS 6,BUS 7,BUS 8,BUS 9,BUS 10,BUS 11,BUS 12,BUS 13,BUS 14,BUS 15,BUS 16,BUS 17,BUS 18,BUS 19,BUS 20,BUS 21,BUS 22,BUS 23,BUS 24,BUS 25
0.0,0.0,97.0,90.0,74.0,71.0,68.0,62.0,85.0,175.0,100.0,0.0,0.0,130.0,92.0,158.0,100.0,0.0,162.0,90.0,65.0,0.0,0.0,0.0,0.0,0.0
450.0,0.0,96.81701164852348,90.00375627508244,73.98266901869484,70.89301853948218,68.05609909923608,62.17806155483416,85.06838890278277,174.98777716660436,100.4268991516765,0.0,0.0,129.7743261070048,92.09679065784864,157.92742840462788,99.7491358468997,0.0,162.17736782890574,90.0452040317813,65.31585062702949,0.0,0.0,0.0,0.0,0.0
750.0,0.0,97.34484843645893,90.2672432387377,74.00666315671754,71.30184609015966,67.83491467347413,62.03192709991478,85.13458274568232,175.2280120142304,100.20955887308493,0.0,0.0,130.47723216604288,92.20311651488666,158.22529400050269,100.2394093647236,0.0,161.7158377818319,89.86076665137384,65.10174901380425,0.0,0.0,0.0,0.0,0.0
1050.0,0.0,96.787994776718,90.16219805653357,73.98732419322458,70.86184303460668,68.30904662230688,62.50758659103689,85.2030149933381,175.39448107548665,99.87996862023766,0.0,0.0,130.69217323252727,92.18858918637903,158.57151839507114,99.97973821074719,0.0,162.18824172833402,89.83783061941234,65.17862808559745,0.0,0.0,0.0,0.0,0.0
1350.0,0.0,97.42845296000374,90.31252204838661,74.11919859768692,71.14529931764244,68.30390265305738,62.15443103664422,85.06647275917042,175.18610328213245,99.84532635527468,0.0,0.0,130.31285806092927,92.38545402098185,157.88503180491549,99.81582639818258,0.0,161.9628668101167,89.89151154640072,65.07900642072445,0.0,0.0,0.0,0.0,0.0
1650.0,0.0,97.13318712889416,90.02952646817808,74.19939808623788,71.20603953486928,68.01492873669214,61.98242842850944,84.63804242911611,175.55863324167987,100.44457269828852,0.0,0.0,130.18288685226253,92.22928075915901,158.66553805173828,100.35808701829482,0.0,161.9297290223425,90.4255139529647,65.15748157372101,0.0,0.0,0.0,0.0,0.0
1950.0,0.0,97.04477987700439,89.98844263419777,73.85466503892906,71.1651619175161,68.2005870250957,62.249334487200635,85.1196442824762,175.4766695996736,100.39643759187898,0.0,0.0,130.46488907595256,92.3026574037146,158.34151538897783,100.35400465692005,0.0,162.65514718777243,90.0999056450376,65.03948963932325,0.0,0.0,0.0,0.0,0.0
2250.0,0.0,97.55110551981264,90.106954782773,74.05831225875237,70.95657809650457,68.23151335880804,62.1179080379865,85.17014154334294,175.21835024426645,100.13267841439028,0.0,0.0,130.07581970083749,92.26274052416186,158.39350113777587,100.3227391984925,0.0,162.17705714293874,90.07386841670737,65.19625826997235,0.0,0.0,0.0,0.0,0.0
2550.0,0.0,97.0358191998865,90.10018210172953,74.09193391151229,71.23011384924256,68.33948135193404,61.90497772842988,85.2187917060904,175.49888242934463,100.138394815615,0.0,0.0,129.74165842707097,92.21425395824376,158.94842385781806,100.66956267123547,0.0,162.5497511095314,90.41078045631686,65.19202666215156,0.0,0.0,0.0,0.0,0.0
2850.0,0.0,97.27820857486333,90.12573178051116,74.04944240863045,71.07192548123498,68.11680345658684,62.10540879688377,85.27463409343727,175.33748074675236,100.30142882560241,0.0,0.0,130.1358405749153,91.91816209807129,157.9848097946895,100.16859385407301,0.0,162.5571159241563,90.19035616268907,64.92933033810705,0.0,0.0,0.0,0.0,0.0
3150.0,0.0,97.34683867671774,90.04125312801247,74.26341513366445,71.17105945684784,68.20312212369437,61.7859018678335,85.12408554106128,175.09878978512222,100.28919481839907,0.0,0.0,130.24711909975974,92.30844006305749,158.7061651160512,100.27977810226405,0.0,162.35335599471176,90.3442000497939,65.1341880155496,0.0,0.0,0.0,0.0,0.0
3450.0,0.0,97.64277460991367,90.330071832681,74.16641816591928,71.28823715939869,68.1074683992715,62.17963343440155,85.04446320779252,175.78344340838353,100.17791963198022,0.0,0.0,130.10684557961633,92.3613112655554,159.10214039575234,100.33836028372454,0.0,162.46521530173385,89.88488215784515,65.34532847782036,0.0,0.0,0.0,0.0,0.0
3750.0,0.0,97.60100347733415,90.45639783626373,74.19510990882875,71.19246745655529,68.18460139404462,62.53098024723817,85.3215512256248,175.96161294021812,99.98384072587116,0.0,0.0,130.62265700783612,92.28665789776588,158.36583156425664,100.00674692287564,0.0,162.3141076687888,90.139066071607,65.20970427587346,0.0,0.0,0.0,0.0,0.0
4050.0,0.0,97.23153657670434,90.23043603567473,74.02542738698357,71.4511640551671,68.32381682916264,61.98384553217241,85.33662215193982,176.22598955827115,100.40187520684142,0.0,0.0,130.56245810392204,92.1394527035389,158.63677077251972,100.15841190842671,0.0,162.58402030643248,90.08814003837317,65.15104776110036,0.0,0.0,0.0,0.0,0.0
4350.0,0.0,97.43386102408655,90.13865673388766,74.28617615989937,71.22300999297055,68.27657168495229,62.271387448271255,85.64100130502372,175.92355791047265,100.00840992270943,0.0,0.0,130.64851154512897,92.38277627746632,158.28784787361252,100.43617516333184,0.0,163.36004473261607,90.44703333142868,65.40930645498226,0.0,0.0,0.0,0.0,0.0
4650.0,0.0,97.14129628050341,90.33198076808121,74.38442413992817,71.35964071269356,68.22171041216397,62.105341196322705,85.34939849247645,175.79801660963406,100.34450236899868,0.0,0.0,130.6301834926413,92.4852243016524,158.5345255785743,100.38008915598652,0.0,162.9045291498951,90.08673992505918,65.24782988483469,0.0,0.0,0.0,0.0,0.0
4950.0,0.0,97.16536112104656,90.54748027173181,74.48707980452119,70.96492435575458,68.33752776278018,62.16619294564863,85.49317356897478,174.93577406126002,100.64840498697686,0.0,0.0,131.10392720107853,92.2984633288386,158.7425544195667,100.63456694120389,0.0,162.52242485422553,90.06588885951345,65.00592803159014,0.0,0.0,0.0,0.0,0.0
5250.0,0.0,97.55677201919865,90.54057634441759,74.01535226667981,71.28618980911885,68.3821692038436,62.47782348865095,85.70196850803276,175.73963489962594,100.36111775641797,0.0,0.0,130.13291088494805,92.61362186603691,158.681799928115,100.20911775770057,0.0,162.79984495419782,90.824841447699,65.22804360759754,0.0,0.0,0.0,0.0,0.0
5550.0,0.0,97.24072328378412,90.55986775031324,74.70554869022547,71.7637098558701,68.43505895074455,62.352713281882956,85.41113536269812,176.32272667561259,100.64922548661605,0.0,0.0,130.8066184069045,92.23569321811992,158.86800584919456,100.4500004985186,0.0,163.52785743991566,90.33884130462873,65.44119404011867,0.0,0.0,0.0,0.0,0.0
5850.0,0.0,97.36624130684203,90.85231632213322,74.59064578603139,71.54342461317864,68.46520802153725,62.22380676113346,85.53614736634577,176.49375813232012,100.74946677997036,0.0,0.0,130.93197875604181,92.53460022812916,159.14295012874726,100.29211564531572,0.0,162.88390717952308,90.50239308811936,65.55759695132917,0.0,0.0,0.0,0.0,0.0
6150.0,0.0,97.73615883113187,90.64648368849264,74.48929220284018,71.66608742932203,68.40583254398985,62.46110841322968,85.58981020256165,176.73076045882803,100.74851056867054,0.0,0.0,130.6942182495034,92.31269579308298,159.03729356064585,100.99984710165427,0.0,163.2297662379509,90.53920569617715,65.36884699980435,0.0,0.0,0.0,0.0,0.0
6450.0,0.0,97.57910796565365,90.41163529352957,74.77047460936252,71.4667345123931,68.2340015802225,62.44035411210239,85.76759887572263,175.83288131980026,100.76926510033114,0.0,0.0,130.42486414258394,92.8315796566743,159.06420614456945,101.14168751515845,0.0,163.00862948888536,90.87040743472595,65.36155044262958,0.0,0.0,0.0,0.0,0.0
6750.0,0.0,97.72345951914924,90.62238255151797,74.31463230007185,71.59698969034164,68.64360120263747,62.43085930853361,85.43782363220114,175.97570414736253,100.65829021062459,0.0,0.0,130.92238117443057,92.68301417847343,159.61742573103703,100.69677385168828,0.0,163.69306949664474,91.19433163791248,65.61270842455296,0.0,0.0,0.0,0.0,0.0
7050.0,0.0,97.67127485403022,90.84579809197162,74.65946963145937,71.52353153992205,68.57702849646624,62.203425168555746,85.9542987798991,176.63595559419423,101.08415479378375,0.0,0.0,131.29326424960271,92.61537908209415,158.90647058223234,100.58093635487654,0.0,163.27840850456943,90.59232263117741,65.43680813017097,0.0,0.0,0.0,0.0,0.0
7350.0,0.0,97.82735967336166,90.81966982773201,74.63235283193319,71.35844111313108,68.68056775956728,62.59683421755103,85.77439045146956,176.54278596931852,101.02377222946629,0.0,0.0,131.2355810352808,92.86644931411766,158.87070567214542,100.70062628853726,0.0,162.79853433226486,90.97563587251163,65.5519736690921,0.0,0.0,0.0,0.0,0.0
7650.0,0.0,98.10593054692474,90.94684182161743,74.38369780078753,71.74764267609139,68.359749000559,62.800357114853384,85.64734037071264,176.8762763049021,100.33343147726481,0.0,0.0,131.1449935624229,92.64136911285102,159.25090498371648,100.80859809242972,0.0,163.6302391279873,90.95352660755613,65.74274383955596,0.0,0.0,0.0,0.0,0.0
7950.0,0.0,98.09955520513469,90.75919562551924,74.62960456780122,71.55137394595509,68.54323489646288,62.57386529184175,85.90941882597708,176.10039176539792,100.85550396243114,0.0,0.0,131.08838690491504,92.7355398536329,159.5526500048712,101.28163968536201,0.0,163.19685283536742,90.63851198058383,65.540023757619,0.0,0.0,0.0,0.0,0.0
8250.0,0.0,98.02418149994728,90.84402994394037,74.6210698997911,71.53917941826622,68.82941417661227,62.877632420885774,85.95009998097285,177.12645997626547,101.22074777091537,0.0,0.0,131.30494478240246,93.01254436496663,159.90220613281664,101.13351377807858,0.0,164.163237005642,91.1344679981201,65.68501030680186,0.0,0.0,0.0,0.0,0.0
8550.0,0.0,98.32978092898655,91.17265861637291,74.92063685309182,71.72853296100075,68.88603893249635,62.69362736049389,86.07938165779011,177.3147762700721,100.8100823075441,0.0,0.0,130.98789522243877,92.92255803865248,159.99000907505507,101.43777349049292,0.0,164.23059320280242,91.37543748336928,65.58375970058931,0.0,0.0,0.0,0.0,0.0
8850.0,0.0,98.06336546400307,91.0715670046447,74.847593811068,71.69195309607653,68.81158717166124,63.06540418538068,86.0034173572312,176.87187019290369,101.3768695633012,0.0,0.0,131.90728225029977,92.8697573391625,158.99264572087685,101.68059305453266,0.0,163.68360692314639,91.0761065613279,65.63052049153818,0.0,0.0,0.0,0.0,0.0
9150.0,0.0,98.07719202452108,91.11368986176669,75.04377298140155,71.92315010064753,68.94994480572385,62.79826372342243,86.1096726498824,177.59926866337457,101.15557078374589,0.0,0.0,131.5042730635986,92.9551406104121,160.92010411261393,101.07784262510017,0.0,163.68548222196907,91.2401235340194,65.97410463251936,0.0,0.0,0.0,0.0,0.0
9450.0,0.0,98.36482141250815,91.16526813267764,74.79536635216569,71.95556666931441,69.02160473381618,62.64211626885992,86.16524798707688,177.35744217916596,101.3117489038183,0.0,0.0,131.87123722583812,93.3672344468306,160.34442525258746,101.38888056852065,0.0,163.74338038234364,91.13220585464397,65.80541178800271,0.0,0.0,0.0,0.0,0.0
9750.0,0.0,98.90118604584026,91.19712721441637,75.02103532175656,72.02582330835168,68.9589105219248,62.90073141185534,86.27311714247928,177.46069368408865,101.41673094084811,0.0,0.0,132.06042082959328,93.33876760010494,160.17665834297776,101.51601071575304,0.0,164.28148424399308,91.42756864293155,66.04629026803703,0.0,0.0,0.0,0.0,0.0
10050.0,0.0,98.49034055118095,91.34987569949229,75.0454941196261,72.18578681446255,69.30241113056236,63.02857368741763,86.37339012629738,178.05124140087636,101.82694988317003,0.0,0.0,132.26131583373112,93.44264366809014,160.6213308663031,101.9819135713631,0.0,164.68118727434896,91.45474112582187,66.18961300553039,0.0,0.0,0.0,0.0,0.0
10350.0,0.0,98.43554595167926,91.57359726417127,75.48193254197764,72.27687012276122,69.35920509428297,63.198816322464374,86.39369402468876,177.79225446144935,101.63825313981111,0.0,0.0,132.3150611214086,93.1550107946543,161.4012623503471,101.44510933507573,0.0,164.86793996859288,91.55335982109042,66.16753419993694,0.0,0.0,0.0,0.0,0.0
10650.0,0.0,98.70907803574728,91.66496159349624,75.48675507079108,72.0871309947365,69.2223832848574,63.228301594919465,86.51312184958984,178.16853155119165,101.82677222806502,0.0,0.0,132.56293528838276,93.73448598492806,160.98361217139572,101.97558655600776,0.0,165.2263551420157,91.31417780816696,66.25509820635848,0.0,0.0,0.0,0.0,0.0
10950.0,0.0,98.79968549864648,91.726031775921,75.51695235260877,72.19185138549656,69.34147155054094,63.3436986497186,86.66366904217114,178.93183191199955,102.21950905391958,0.0,0.0,132.00357671625494,93.92732472397871,160.30733672101917,101.61927156922708,0.0,165.53723173568295,91.73310805787398,66.2925848302548,0.0,0.0,0.0,0.0,0.0
11250.0,0.0,98.79522151693872,91.65767420638313,75.14506584218888,72.45334080310896,69.39422236133392,63.21202131694784,86.49292418008687,177.53960298350955,101.6332922161911,0.0,0.0,132.95652546138155,93.71175350328475,161.1339773083628,101.76183207320037,0.0,166.05070119724414,91.72879977982942,66.15227670189293,0.0,0.0,0.0,0.0,0.0
11550.0,0.0,98.64087623870735,91.57202535750112,75.67184626843654,72.50727508472195,69.44060966223554,63.32830411813289,86.55127788749563,178.5886765091901,102.37167475483876,0.0,0.0,132.36035424566606,93.7308565333446,161.31471807148807,102.2033072241565,0.0,165.5772372008916,91.45254492211716,66.32888275265816,0.0,0.0,0.0,0.0,0.0
11850.0,0.0,99.11692984207934,92.11950638670791,75.76879228148289,72.39488658288079,69.55520048212321,63.45907880373624,86.89248033635828,178.82871332060876,102.25291544283154,0.0,0.0,132.58800287749426,94.11690120348648,161.7088398018194,101.9944267749058,0.0,165.44567900295095,91.61479945953235,66.31718964962998,0.0,0.0,0.0,0.0,0.0
12150.0,0.0,99.17257119368855,91.83548783424467,75.62999378321649,72.61184896626312,69.5943141224311,63.32107628231865,86.80622922514881,179.44055701921124,102.22243320673223,0.0,0.0,133.3040047400071,94.17075127227795,162.04996946692324,102.36957234092267,0.0,165.17906204164063,91.94936949988958,66.61452170004412,0.0,0.0,0.0,0.0,0.0
12450.0,0.0,99.1427310497818,92.1552221530348,75.91889513588461,72.61111024842319,69.67318295556143,63.47516408799707,87.26317161705144,179.60725767370064,102.85475978785762,0.0,0.0,132.96564693789855,94.13619062336612,161.5363896428992,102.43829855868724,0.0,166.14225196893085,92.21612090601388,66.59344913838372,0.0,0.0,0.0,0.0,0.0
12750.0,0.0,99.49489504927007,92.33139472213472,76.00785237033486,72.6128555631558,69.88061076907975,63.457823365221095,87.28494358236762,179.65841444921202,102.31481093362595,0.0,0.0,133.23705965765845,94.28480481234011,161.67900535093105,102.46478400535042,0.0,166.25412606056008,92.21232095900906,66.55987865515648,0.0,0.0,0.0,0.0,0.0
13050.0,0.0,99.40300702186944,92.1899433838473,76.03655836698825,72.90677517382531,69.63852079854644,63.84021037653,87.36548108254883,179.40424569678984,102.8166218089748,0.0,0.0,133.4484675138058,94.29266259872608,162.32712336959972,102.5449047116284,0.0,166.42366993347898,92.31451771492316,66.55956827447059,0.0,0.0,0.0,0.0,0.0
13350.0,0.0,99.597023503101,92.02177239199642,75.92184471915438,72.77302536686489,69.58704909927917,63.621352918634834,87.5587270207666,180.12547875344126,102.71042962130538,0.0,0.0,133.70598054448934,94.65537771554102,162.09555567089222,102.96774708493552,0.0,166.26634725378958,92.73530408564244,66.69488848941248,0.0,0.0,0.0,0.0,0.0
13650.0,0.0,99.75214721952335,92.60550435641203,76.14155665107708,73.11815676779486,70.1623549438994,63.75834039368501,87.29335142198828,179.74076952655983,102.94698983467751,0.0,0.0,134.0032588143361,94.70797373754036,161.60151617586234,103.1503937229545,0.0,166.43145465072323,92.49283501060901,66.68679708372264,0.0,0.0,0.0,0.0,0.0
13950.0,0.0,99.99237042481896,92.8953778753901,76.14717568005334,72.94935687653994,69.8188258451768,63.83536228877782,87.69283789895309,180.32100700784568,103.6308021636526,0.0,0.0,134.2282756279172,94.62058278241199,163.5479820973552,103.2441293058637,0.0,166.44067763771162,92.57956960945506,66.8539874681794,0.0,0.0,0.0,0.0,0.0
14250.0,0.0,100.20525371616574,92.62180222030206,76.35528674347098,73.43477977545666,70.07558308705683,64.0627091763902,87.8528137877125,180.40889177399765,103.06013488797872,0.0,0.0,134.54217527686686,94.78101561043303,163.3068177045068,103.16295030549202,0.0,167.02516348280574,92.93906950219093,66.90125869724223,0.0,0.0,0.0,0.0,0.0
14550.0,0.0,100.2854680683496,93.05984703671687,76.61976192438479,73.31702328829189,70.31490078795588,64.14183811165294,87.82069214487508,181.01380314869067,103.3483337632218,0.0,0.0,134.4788768270942,95.19813706028177,163.18167349576348,103.08176084994895,0.0,166.10475360749155,92.9367586236445,67.00983701179973,0.0,0.0,0.0,0.0,0.0
14850.0,0.0,100.14849177269804,93.07163188869018,76.49140643984374,73.37578239006827,70.55504343294108,64.04410000268753,87.93920091013268,181.0354962927684,103.10312027463688,0.0,0.0,134.4061255816817,95.04273432144036,163.3034947236535,103.1954112149725,0.0,167.82425973714163,93.10063890700596,67.28750150976582,0.0,0.0,0.0,0.0,0.0
15150.0,0.0,100.62248723893079,93.09414673695717,76.31227071711993,73.7344104962492,70.10686962047012,64.26819584667628,87.85269624580398,180.90944382679868,103.20119792436414,0.0,0.0,134.30525720496044,95.3438267381953,163.8512987344943,103.44012184810857,0.0,167.6353462445985,93.32164419637489,67.19836089852465,0.0,0.0,0.0,0.0,0.0
15450.0,0.0,100.59427541682051,93.45755104428278,76.75297783649177,73.44720220183444,70.61786905608737,64.23986718167812,88.26032513209658,180.9187750726355,103.5506504988023,0.0,0.0,134.48404633246236,94.79352920016049,163.78361792355764,103.37296753941814,0.0,167.59204707569944,93.25698958881895,67.14341220991169,0.0,0.0,0.0,0.0,0.0
15750.0,0.0,100.75101638111019,93.33784635873813,76.59886187249222,73.49841166004533,70.47557393784524,64.31667843842247,87.87435674679992,181.67830710166683,103.82046742794796,0.0,0.0,134.7287705866716,95.61296364835168,163.8548996664837,103.58390380613739,0.0,167.87620354170443,93.34516703846694,67.45089623429791,0.0,0.0,0.0,0.0,0.0
16050.0,0.0,100.51616964513131,93.23057951789573,76.70339277524447,73.64744907940434,70.49467586008525,64.21257701586772,88.33962198539518,181.69484068448227,103.72901502021014,0.0,0.0,135.02188991078924,95.47844721434684,163.75800667819385,104.17189526604655,0.0,167.90058558434583,93.32862543210308,67.35617093617321,0.0,0.0,0.0,0.0,0.0
16350.0,0.0,100.89066320885202,93.57833204148903,76.84671931517262,73.60946326643032,70.54069495920776,64.5233479739235,88.1830426849082,181.89846431593372,103.59905541134265,0.0,0.0,135.22050649777748,95.37984612995747,164.70273582638285,104.02692693673175,0.0,168.72924094661303,93.4571653080877,67.57135975398678,0.0,0.0,0.0,0.0,0.0
16650.0,0.0,100.82160989285975,93.51811107875781,77.27857192199744,73.85911037248353,70.6901012560684,64.6967850531207,88.63673040730875,182.54790679039877,104.03213570073639,0.0,0.0,135.46504103211876,95.79673457912325,164.18905841882554,104.01043256855195,0.0,168.6772580857224,93.65059529471269,67.80487267241301,0.0,0.0,0.0,0.0,0.0
16950.0,0.0,100.93446899337637,93.8408962891316,77.00496066186324,74.1029043757626,70.86788319896311,64.62903655663534,88.4222147689395,182.50321651518996,104.01048178410592,0.0,0.0,135.62376310819477,95.72711165250305,164.51987567092493,104.3266674170244,0.0,168.36268743692472,93.88080024328174,67.73520843158947,0.0,0.0,0.0,0.0,0.0
17250.0,0.0,101.1625153356672,94.11632150348774,76.72534052048343,73.97083123285563,70.63769969113442,64.88349365261797,88.49535667580953,183.039119161354,104.52008752385856,0.0,0.0,135.06717177275132,96.27896129224266,165.050710978061,103.90377531653688,0.0,168.7815777015228,94.11734939522962,67.78771055952012,0.0,0.0,0.0,0.0,0.0
17550.0,0.0,101.30076190913498,93.75744038163874,77.35753187743158,74.19655390293777,71.00033744831224,64.57565057891775,88.76007201127882,181.87638509716814,104.36510716294775,0.0,0.0,135.48959316595796,95.76472230294581,164.788506355336,104.53869322594436,0.0,168.79556922590527,93.84451291347953,68.0049304962935,0.0,0.0,0.0,0.0,0.0
17850.0,0.0,101.39945244766203,94.28696430451842,77.28078315570832,73.98215438924103,71.09539322330343,64.77007462056093,88.71339030183825,183.11351171371626,104.73699018143913,0.0,0.0,135.67960660238538,95.93264308439694,164.52291851672658,104.18530144726475,0.0,169.13870558448474,93.9627360097695,67.77949233847349,0.0,0.0,0.0,0.0,0.0
18150.0,0.0,101.71527096160312,94.02232426971949,77.24411829426725,74.15254593189698,71.0786416147896,64.74591637321201,88.60066240427953,183.29771415993346,104.70207753910813,0.0,0.0,135.93379752333587,96.23087973969437,165.23615935449476,104.39368298059509,0.0,169.43771648310852,93.92210303654012,68.29963907625141,0.0,0.0,0.0,0.0,0.0
18450.0,0.0,101.74458577530103,94.14644562447347,77.44499275106803,74.27867264957122,70.82149193403563,65.16205943136033,88.74334385367324,183.0837280496081,104.47622933367569,0.0,0.0,135.85011679171677,95.98213081278757,164.87538190170875,104.84571483572128,0.0,169.1154607499171,93.76060837093642,67.82431235215185,0.0,0.0,0.0,0.0,0.0
18750.0,0.0,101.52601294642017,94.50547659786447,77.51527200085798,74.36685436193972,71.21251798938633,64.93269481823081,89.13308377490101,183.57846755838693,104.7705560473929,0.0,0.0,136.23575288711913,96.2600389057577,165.8226932031145,104.94589858639952,0.0,169.50881682383428,94.18600103171701,68.09051810246166,0.0,0.0,0.0,0.0,0.0
19050.0,0.0,101.72204983243422,94.11978516134003,77.51178543842585,74.49575954500528,70.97466166424248,65.14549105942628,89.04395347103834,182.84829258565054,105.00179112351499,0.0,0.0,136.18065887542176,96.37583273772873,165.2862261558701,104.61878012805775,0.0,168.93530135687053,94.33416538072073,67.9674419261786,0.0,0.0,0.0,0.0,0.0
19350.0,0.0,101.75549037513737,94.4557214697488,77.82628254583568,74.50783579971542,71.35256853441183,64.96885188364851,89.01877349596757,183.52034972926032,104.9365270252642,0.0,0.0,135.5954681665852,95.92652018278469,166.3994467292609,104.6417063978772,0.0,170.1808185260732,94.50774983706138,68.28137243372575,0.0,0.0,0.0,0.0,0.0
19650.0,0.0,101.7577873074755,94.23151978658521,77.5260004935513,74.53319354601116,71.25397282154448,64.89901532712443,89.05962742295375,182.6743035321949,104.7047249029426,0.0,0.0,136.1954765862203,96.320646289841,165.3596241617451,105.40806792176501,0.0,170.46279563662674,94.29523495442534,68.08609428597804,0.0,0.0,0.0,0.0,0.0
19950.0,0.0,101.7154341226826,94.7713350088306,77.66573811814396,74.64455430973725,71.3011793101223,65.24847692441716,89.22058364343242,183.57236361791274,105.04291182747554,0.0,0.0,135.964200975914,96.35056310928552,165.84053315042397,104.7805543271783,0.0,170.08628953137207,93.95993319329571,68.04559184100475,0.0,0.0,0.0,0.0,0.0
20250.0,0.0,101.69826014023464,94.45133800850037,77.86955436395883,74.40819818298623,71.19582808801208,64.92358361142973,89.12966818875601,183.1567326203359,105.02094501009094,0.0,0.0,137.07249443748628,96.64099876065043,165.76824970657447,104.84740118979283,0.0,169.9763317542316,94.73369419067545,68.22437961517203,0.0,0.0,0.0,0.0,0.0
20550.0,0.0,102.00271680077745,94.25511911214257,77.80087988779339,74.25341494188733,71.29095066022118,65.27363698965014,89.54329522366844,183.90127952148825,105.31844650152769,0.0,0.0,136.80760760771497,96.48478360849485,165.94131467225415,104.75342021609696,0.0,169.41358256643193,94.41271463055516,68.32817089401266,0.0,0.0,0.0,0.0,0.0
20850.0,0.0,101.90000503760682,94.65920510460451,77.48559911007014,74.8592866329497,71.4489611238656,65.15327257175767,89.31715460523925,184.24179285544272,105.23426927366978,0.0,0.0,136.72067009501387,96.59744420887478,165.5024085799267,105.25143604247722,0.0,169.64756022647322,94.5458389641969,68.16669322911802,0.0,0.0,0.0,0.0,0.0
21150.0,0.0,101.80902288090192,94.50399705375034,77.50595498396436,74.35519536802843,71.4257024817942,65.14665116048488,89.30687293257799,184.22251584029596,105.36321295112614,0.0,0.0,136.6654651009166,96.37101657750141,165.7749239717257,104.93516872946324,0.0,169.9651124881682,94.40192080763782,68.21438873246524,0.0,0.0,0.0,0.0,0.0
21450.0,0.0,101.6239143866951,94.43357297947769,77.57114804129735,74.73307378762917,71.30764381700534,65.24573330015448,89.06761768719821,184.10537764549807,104.98322266427417,0.0,0.0,136.71924593813628,96.70182764554632,165.5188262595719,105.2043861724038,0.0,170.06012997903815,94.6093414988235,68.16937618558916,0.0,0.0,0.0,0.0,0.0
21750.0,0.0,101.89505198927355,94.43951678348853,77.69094608464543,74.74770415392062,71.32306214719638,65.27401116376478,89.07306840202607,183.67046390883127,104.9714200472044,0.0,0.0,136.22688877351086,96.67297161737281,165.79758394390322,104.96325095972495,0.0,170.08922134901994,94.22459105701695,68.31210059315784,0.0,0.0,0.0,0.0,0.0
22050.0,0.0,101.71480225440519,94.65089591541675,77.41486823001603,74.75708186278638,71.53491762709082,65.23559329161824,89.31698544814785,183.65835633275316,105.03832952113542,0.0,0.0,136.4616725296137,96.39982442439651,165.94393202826018,104.96123683363344,0.0,169.6114758200441,94.49294381385226,68.08112906721969,0.0,0.0,0.0,0.0,0.0
22350.0,0.0,102.09616065075633,94.83245564908044,77.60710964229844,74.66022704456651,71.47661615635919,65.08250998082555,89.18977323294882,184.26133094625717,105.00688792246493,0.0,0.0,136.2678709908431,96.62049750684317,165.91574177935215,105.35620494251222,0.0,169.73498550936947,94.5940785640426,68.44234338273611,0.0,0.0,0.0,0.0,0.0
22650.0,0.0,101.54893339004363,94.53179153195381,77.80872958657024,74.25461575581261,71.3539717930828,64.91478782524051,89.19663408491667,183.38404904050125,104.99035781415327,0.0,0.0,136.89942232970947,96.86479317228543,166.25356553134154,104.8292912175043,0.0,169.6297395150439,94.36386567538767,68.34167155765334,0.0,0.0,0.0,0.0,0.0
22950.0,0.0,101.93423280430815,94.31833343257846,77.60573492227945,74.39139551386279,71.22146826595885,64.9524324485361,88.98628823630608,183.67015071027393,104.95948111123732,0.0,0.0,136.8256448081465,96.83472348865867,166.26836269408273,104.92255945726095,0.0,169.82167993850237,94.37136397246289,68.13034743153462,0.0,0.0,0.0,0.0,0.0
23250.0,0.0,101.51565458286753,94.2922819824274,77.68263560158769,74.40508972857442,71.13367798181541,65.20700784847497,89.11511843820432,183.4015082320922,104.44302691509326,0.0,0.0,136.20800709821376,96.49216263849831,165.75055614078425,104.94573424783162,0.0,169.5793842212665,94.68659174099625,68.35278639858213,0.0,0.0,0.0,0.0,0.0
23550.0,0.0,101.63665885656245,94.16367349863849,77.31903704526593,74.35761835108478,71.27313926848083,65.01633980025701,88.96817427380468,183.4394086448976,104.99000228999493,0.0,0.0,135.91342037948306,96.65761833069259,165.21108319053897,104.9044428895767,0.0,170.36872628285747,94.36950068038084,68.38381342432868,0.0,0.0,0.0,0.0,0.0
23850.0,0.0,101.42603701623044,94.18710942797726,77.68703840850229,74.33383793327849,71.28870637359832,65.04953218359297,89.19621402270437,183.7609462079076,104.87625286151528,0.0,0.0,136.30161474207898,96.5414976091973,165.2393949573763,105.18356088413633,0.0,169.71221351875755,94.51508902898138,68.04067033676921,0.0,0.0,0.0,0.0,0.0
24150.0,0.0,101.63521213321053,94.20540266062397,77.24215447434536,74.20273492887041,71.14461561288054,64.91392728843012,88.95204727857725,183.48485891798646,104.92412477618451,0.0,0.0,135.96799317977298,96.46313046298049,165.15741537516357,104.48358885024156,0.0,169.913218657142,94.07609915602676,67.93365702148016,0.0,0.0,0.0,0.0,0.0
24450.0,0.0,101.35194004889837,94.57422487626154,77.50606142900537,74.2525559555998,71.06935257858868,64.97055935482553,88.92583674267235,182.1107553362733,104.58333938177215,0.0,0.0,136.46317188232698,96.17911398461376,165.1745877627403,104.81648400539713,0.0,170.3833707688031,94.0167992864513,68.17981261912433,0.0,0.0,0.0,0.0,0.0
24750.0,0.0,101.26594681344754,94.04842177098384,77.3725806693067,74.37530554634166,71.44375756047634,64.8093086643796,89.05341882068934,182.88854625105787,104.60092133756243,0.0,0.0,136.10826457329898,96.38369161285644,165.41532075576163,104.79291578715677,0.0,169.27024697072423,94.10970666306973,67.88017707371876,0.0,0.0,0.0,0.0,0.0
25050.0,0.0,101.2443021342471,94.21570491122502,77.35794022523561,74.23131501871102,71.05571494289764,64.61164197364863,88.91423684776647,182.83744539578393,104.68460156114784,0.0,0.0,135.7397162013745,96.1686409814624,164.9090496288435,104.30893490705407,0.0,169.17145465735177,94.0027907821865,67.93311757425282,0.0,0.0,0.0,0.0,0.0
25350.0,0.0,101.25475853760283,93.92282580294331,77.15784155405571,74.26292885889065,71.04362518397141,64.60517538911748,88.74664797184123,182.77098071769112,104.30340796881748,0.0,0.0,136.47910070906306,95.9393809969746,164.70584423197155,104.54967430219195,0.0,168.9254624865368,94.19280947407155,67.94618680848747,0.0,0.0,0.0,0.0,0.0
25650.0,0.0,101.54531876321376,93.60750865769143,77.1391817181373,73.77723656654658,70.95087387252453,64.52635132230598,88.720429912222,183.03080526637117,104.21620939809758,0.0,0.0,135.1571849753586,96.12303827995724,164.86481587662368,104.61194243223126,0.0,169.20557374348127,94.33012113455764,67.88361213050575,0.0,0.0,0.0,0.0,0.0
25950.0,0.0,100.92584784018005,93.79924597820781,77.16621612169939,74.12709513527395,70.984434084429,64.64886165359212,88.76984748939216,182.22137497223164,104.10027046304954,0.0,0.0,135.4787296795959,96.13953335183126,164.66241059719047,104.34788818424457,0.0,168.98605714256738,93.7959357116073,67.63923490306313,0.0,0.0,0.0,0.0,0.0
26250.0,0.0,100.99103190938895,93.73942440929467,76.99839539930167,74.03946489803845,70.80238914252563,64.60276281506879,88.22794072911326,182.59619252126797,104.03987905569404,0.0,0.0,135.13216086610495,95.95217355270209,164.44149577939257,104.22292930051256,0.0,168.45431065362274,93.82636151729233,67.51699112005257,0.0,0.0,0.0,0.0,0.0
26550.0,0.0,101.30047049635154,93.63428669761149,77.02032634893567,73.84074262559119,70.6710334282199,64.39004286306732,88.18051602406936,182.06288554442813,104.0225350467736,0.0,0.0,135.1736576787231,95.94200923744633,164.509096214229,104.30897616186546,0.0,169.20553334828347,93.8435139494516,67.6216200333576,0.0,0.0,0.0,0.0,0.0
26850.0,0.0,100.69192134899839,93.52248528947005,76.90288615804722,73.66517150845971,70.59569748982861,64.38787185147781,88.6093851905329,181.7809269646473,103.96843928928787,0.0,0.0,134.78505443353401,95.22459358004309,163.94771850213175,103.81787809666629,0.0,168.88590008520907,93.43444333785644,67.55777574851555,0.0,0.0,0.0,0.0,0.0
27150.0,0.0,100.6544528061686,93.25931253682121,76.99531970536076,73.58099748412288,70.46384130755077,64.48353000801133,88.12184179356218,181.32343191401483,103.73867784618047,0.0,0.0,135.14979976728517,95.28045498134878,164.03014889182936,103.85696328691034,0.0,167.75989365151526,93.32599105430027,67.38635685787527,0.0,0.0,0.0,0.0,0.0
27450.0,0.0,100.5301779481759,93.0540995274774,76.76579178725272,73.70823250539355,70.68350559932487,64.17246075072619,87.8042696955198,181.44612725321917,103.73551095488206,0.0,0.0,135.01580490846706,95.66400773175747,163.94837039791378,103.78878485300507,0.0,168.22453320177684,93.37351906772442,67.2230429593359,0.0,0.0,0.0,0.0,0.0
27750.0,0.0,100.70006571763912,92.86563565536481,76.78083340813409,73.45530686622527,70.38809161300271,64.15650050769621,87.85121046380166,181.79501027671873,103.69253189994832,0.0,0.0,134.4792038892967,94.85426101990359,163.7467947568459,103.84962742484633,0.0,167.410463329766,92.88154727909112,67.3474332446487,0.0,0.0,0.0,0.0,0.0
28050.0,0.0,100.42523467832659,93.22425913052092,76.6260848429961,73.47220959214587,70.26916047575864,64.1553801219713,87.83722124288886,180.62475485963265,103.29682533980888,0.0,0.0,134.38694046309584,95.33768428680027,163.39333646627654,103.34406320948587,0.0,168.02604017495577,93.08170280620209,67.0473419502782,0.0,0.0,0.0,0.0,0.0
28350.0,0.0,100.04841321638978,93.19766169921672,76.58947330808313,73.29268854647736,70.27020468067249,64.13691618551113,87.9884695421591,181.19253670535215,103.45807443878678,0.0,0.0,134.02231814581248,94.91132557012722,163.16553670242737,103.10201176064344,0.0,167.92665108661987,92.94675010862912,67.10963697585692,0.0,0.0,0.0,0.0,0.0
28650.0,0.0,100.27624334663378,92.65266438512676,76.24519581115804,73.37958707484806,70.09363919566728,64.07109950233786,87.7948727682437,180.12196578164352,103.36210171182307,0.0,0.0,134.02885418921525,94.7330746555294,163.32557129277552,103.68507946884026,0.0,167.3171998626339,92.69857297354281,67.27445751271345,0.0,0.0,0.0,0.0,0.0
28950.0,0.0,100.25136677630721,92.81803043024611,76.36948765983199,73.25908015963684,70.16616403527348,63.990598101680554,87.38737392381789,180.02479462936319,103.35520787893977,0.0,0.0,133.73380276443186,94.72293304769428,162.54812846718494,103.11687822314641,0.0,167.21505074468058,93.01205081399425,67.17400867267705,0.0,0.0,0.0,0.0,0.0
29250.0,0.0,99.95170647780894,92.38427444481522,76.29456556178489,73.21339010850593,70.09266401211006,63.888356490878614,87.68370568884632,180.3144932574452,102.63830283844024,0.0,0.0,133.98914426685192,94.65735608647508,162.27537707554666,102.95768379935672,0.0,167.01230463144196,92.78556418875597,67.00010213434422,0.0,0.0,0.0,0.0,0.0
29550.0,0.0,99.32965267835917,92.78120310551168,76.14426385448253,73.27789836645077,69.95889733841177,63.821796900512254,87.59956758988639,180.4593380522248,102.79963947761537,0.0,0.0,133.85891087188406,94.62609658515247,162.7444024456575,102.74265724813297,0.0,166.2213160599989,92.73947082494489,66.65821157860385,0.0,0.0,0.0,0.0,0.0
29850.0,0.0,99.60670366062804,92.55774873129079,76.21587656869751,73.0494891813636,69.67965541838252,63.70466068322222,87.29620778777314,179.7087507725812,102.90161588146812,0.0,0.0,133.6968560891457,94.71764341545843,162.45945943640257,103.01538531073948,0.0,166.29582510569128,92.57954137060102,66.66836431475936,0.0,0.0,0.0,0.0,0.0
30150.0,0.0,99.61971384539103,92.30403817776649,75.93111737114515,72.8127131684655,69.76498569920447,63.45317497947445,87.72475519478044,179.9160099184229,102.40015652535978,0.0,0.0,133.5137133928213,94.44987141194085,162.88729764730857,102.63760383733626,0.0,166.19213634110338,92.32505298053374,66.70310720128103,0.0,0.0,0.0,0.0,0.0
30450.0,0.0,99.40030120671268,92.15687322882964,75.97247672202053,72.8405230541033,69.73339498888147,63.66986302337075,87.06147390801883,179.52480779144636,102.49941862128173,0.0,0.0,133.0573598446578,94.43603580707514,161.56057424857713,102.63711537606869,0.0,166.24016536145012,92.50152981915943,66.65631989637679,0.0,0.0,0.0,0.0,0.0
30750.0,0.0,99.074566362116,92.09700091529442,75.83904092420947,72.30314631449487,69.62999560527135,63.41419843924091,87.09117121546113,179.43958696236479,102.35033072376068,0.0,0.0,132.80840177557667,94.30417173600888,161.8923537571996,102.78650137109345,0.0,165.30153893226037,92.38574560605888,66.36271202452589,0.0,0.0,0.0,0.0,0.0
31050.0,0.0,99.66052986768773,92.02112934672358,75.68460920105677,72.59097067767568,69.45836163438425,63.441957458112896,86.81768101671092,178.97572849279945,102.36251790527307,0.0,0.0,133.14953466001307,93.92947134024865,161.56153479478198,102.4150503348932,0.0,166.025977503549,92.07421053325025,66.35745944218048,0.0,0.0,0.0,0.0,0.0
31350.0,0.0,98.83414940802025,91.68749906449082,75.93960364102556,72.49696040629993,69.44154612171455,63.31315825318731,86.67419852694117,178.8419677623872,102.21673456451403,0.0,0.0,133.12453959579997,93.7640562446474,161.7783405884709,102.39704847772168,0.0,165.06957605992827,92.11634410783496,66.36019659927518,0.0,0.0,0.0,0.0,0.0
31650.0,0.0,99.22090559800773,92.18188362352228,75.59430789311139,72.47371751266168,69.53470228612345,63.36578862817759,86.6519656364865,179.2197088896298,102.33853014363225,0.0,0.0,132.87205284415936,93.61553500972947,161.37651577068817,102.14755761468805,0.0,165.48483959360732,91.88449591074658,66.40234226902741,0.0,0.0,0.0,0.0,0.0
31950.0,0.0,99.3838924527856,91.59613080709039,75.69008429489516,72.33177391468239,69.07023717331244,63.27722244988996,86.97477321526232,178.47520786809815,101.94042076738495,0.0,0.0,132.8367730812332,94.01505071999904,161.04875221093553,101.8827439193416,0.0,165.20098251652922,92.01488813901861,66.38224435021029,0.0,0.0,0.0,0.0,0.0
32250.0,0.0,98.52403233423675,91.642468191382,75.30999707915639,72.38496668986983,69.42297718351809,63.16555180234818,86.80045827142304,177.98758036979783,102.04824394118351,0.0,0.0,132.37184791722075,93.9678800878067,160.8766572199137,101.54523350754596,0.0,164.66888679295707,91.6688764102724,66.22150958340656,0.0,0.0,0.0,0.0,0.0
32550.0,0.0,98.67828160491469,91.67880060300658,75.16792999274824,72.32086960560132,69.12040626642286,63.28542893125943,86.56258065828605,178.2601830578248,101.42604234529071,0.0,0.0,132.3908014043163,93.61202499390131,160.68639331031775,101.91470175394197,0.0,164.90829171116025,91.64526220404485,66.45697056496809,0.0,0.0,0.0,0.0,0.0
32850.0,0.0,98.80879272331993,91.51355990168285,75.07742893073531,72.17863979191289,69.0451938805511,62.97478978218102,86.63108207504789,177.42772888903067,101.86437503346717,0.0,0.0,131.91007738743824,93.55000559617906,160.7827406762751,101.51981782200336,0.0,165.1581380369333,91.26577100954243,66.1548877463287,0.0,0.0,0.0,0.0,0.0
33150.0,0.0,98.14582745333728,91.69695842798629,75.17960135568094,72.2070542738359,69.2522263081455,62.939915016055316,86.36972351789284,177.49621634500883,101.60564404762586,0.0,0.0,131.99101491508813,93.23740505632972,160.96040779055846,101.31792094228913,0.0,164.39923883078023,91.36251023757103,66.0508654155826,0.0,0.0,0.0,0.0,0.0
33450.0,0.0,98.10638029190697,91.18609227939888,74.79256313290001,71.75759188352573,69.13593439150718,62.929850306364784,86.456026993266,177.57518281936964,101.24317109809253,0.0,0.0,132.05192367568492,93.18368545897306,160.52306960813382,101.44582639108062,0.0,164.143100293177,91.24016718446025,65.92972091967287,0.0,0.0,0.0,0.0,0.0
33750.0,0.0,98.08417948632777,91.07689334515017,75.17945157107759,71.96006191636283,69.10872122593145,63.12649393774952,86.2965265804455,177.59625335188886,101.30322754205937,0.0,0.0,131.57338920577294,93.4160684136569,160.1375948330582,101.43324052385987,0.0,163.82938161859641,91.04317423303962,65.89011261095683,0.0,0.0,0.0,0.0,0.0
34050.0,0.0,98.35589623026512,91.21440851794986,75.20678817134427,71.82295665747186,68.88030648191514,62.71249044877475,86.12738956042435,177.25162451894317,101.23370487655242,0.0,0.0,131.99380102562534,93.04318888421226,159.75544171012874,101.23534248675966,0.0,163.57721566373732,91.38752102903449,65.83502781357502,0.0,0.0,0.0,0.0,0.0
34350.0,0.0,98.44552284924673,91.20201255043413,74.92517382711829,71.75279912530013,68.71886255709349,62.85783640615885,85.8619897355845,177.13118887996387,101.44118966581752,0.0,0.0,131.54856482484257,93.21345965809091,159.94381888982207,101.0065531459478,0.0,163.98894672275227,91.27195044619366,65.7141370484126,0.0,0.0,0.0,0.0,0.0
34650.0,0.0,97.97225717971259,90.84316509443651,74.91346699447598,71.5535118372021,68.95178707015015,62.63891149094084,85.96575264284027,177.4553269664649,101.06524754339812,0.0,0.0,131.79935482697707,93.02149989907817,159.87141717916626,101.17603164745458,0.0,164.054957834801,90.97337426180894,65.8494939612435,0.0,0.0,0.0,0.0,0.0
34950.0,0.0,98.17565066452772,90.78779949495888,74.72120650464603,71.78043671506867,68.9273479533556,62.52079867884945,86.032377949191,176.6736300748586,101.08297197995458,0.0,0.0,131.6099317379111,92.7106647827932,159.84723940704507,101.34055169492044,0.0,163.71981474170033,91.07811403713956,65.60191288127653,0.0,0.0,0.0,0.0,0.0
35250.0,0.0,98.15517455809028,90.96664935801051,74.74365622634545,71.66948393996076,68.66237977906913,62.6960868557396,85.53584763977103,176.44251959251284,100.75066366930588,0.0,0.0,131.0374048345298,92.81961825244912,159.78290710308028,101.0392840843277,0.0,163.07020969290247,90.80959416188429,65.55540818456876,0.0,0.0,0.0,0.0,0.0
35550.0,0.0,98.03862537625467,91.06295858898102,74.55973594174615,71.487387803583,68.6395634678766,62.369989704992044,85.5914787644007,176.3266927517552,101.00136078368332,0.0,0.0,130.93299969863273,92.91569783702847,159.35529554889655,100.70065257292943,0.0,163.23740563589288,90.98077903818873,65.55805629355477,0.0,0.0,0.0,0.0,0.0
35850.0,0.0,97.91266628620097,90.8873512407661,74.65733152449613,71.65302185235622,68.63307323933027,62.38040520003509,85.9298424603701,176.42308014918606,100.7900471180234,0.0,0.0,130.7929927195593,92.91499540946518,159.51992574985172,101.00430660569495,0.0,163.31723574139212,90.93335849981099,65.51558784530748,0.0,0.0,0.0,0.0,0.0
36150.0,0.0,97.63902366183417,90.90594800005088,74.5077510148715,71.67618080642157,68.85350033118594,62.438752911737076,85.46669780181887,177.04654800980563,100.60240728569677,0.0,0.0,131.08320285729314,92.3464720176551,158.75787313483247,100.67289203449205,0.0,163.1319399576223,90.81290607567675,65.43837479301479,0.0,0.0,0.0,0.0,0.0
36450.0,0.0,97.48601624881749,90.6116062220125,74.6972852967938,71.58258500819983,68.53266089302527,62.44103062036732,85.68335179476833,176.67119606317837,100.65190833385178,0.0,0.0,131.13536917183455,92.60153140525243,158.9252970016012,100.75834771102117,0.0,163.5521975429167,90.4348018384073,65.5635960618448,0.0,0.0,0.0,0.0,0.0
36750.0,0.0,97.64903925763504,90.71479743787926,74.24399893777223,71.44810300370067,68.5096663677295,62.3244988766989,85.50785814118008,176.63965171267694,100.89953334659023,0.0,0.0,131.2748446901195,92.7458096850562,158.84616705160371,100.48860663543235,0.0,163.22393232780271,90.44482564391608,65.40177588469483,0.0,0.0,0.0,0.0,0.0
37050.0,0.0,97.86746896854426,90.45508085124936,74.5494243681771,71.43644156410312,68.43168463465115,62.38901258656035,85.51435800345055,176.8430224573926,100.75551342865981,0.0,0.0,130.76021920039446,92.58578192547216,158.87635306137403,100.78955067953169,0.0,162.76320403135927,90.60098362789279,65.21593978097653,0.0,0.0,0.0,0.0,0.0
37350.0,0.0,97.55437894377974,90.61646085121008,74.17257151382483,71.51368246001392,68.23867234362645,62.1876396455626,85.49253488291718,175.78276834119248,100.29303256231019,0.0,0.0,130.64320078287514,92.48363567838909,158.51951988046065,100.69693795063118,0.0,162.5566506352933,90.82315195968158,65.28803049446995,0.0,0.0,0.0,0.0,0.0
37650.0,0.0,97.39348738807216,90.60332546274061,74.39956590525922,71.23815224204279,68.24365928881511,62.195832023339335,85.4361708552674,176.01516042939616,100.720769429964,0.0,0.0,130.53419214749127,92.69266557953507,159.51345347348393,100.69773012014976,0.0,163.06631499462276,90.63465816294175,65.3475359105881,0.0,0.0,0.0,0.0,0.0
37950.0,0.0,97.75569463973986,90.4825319795529,74.561708047186,71.26320251923757,68.24501218525864,62.25165148741476,85.4356131113112,176.182723303667,100.70797764968982,0.0,0.0,130.9945115596907,92.55712684087048,158.70084462406868,99.95450232713284,0.0,162.69151850868508,90.51422820684635,65.40090205801863,0.0,0.0,0.0,0.0,0.0
38250.0,0.0,97.40769498267755,90.70712485102041,74.50595279348946,70.91376825138406,68.1856688659848,62.1053855676498,85.45769204248126,175.46690625133522,100.33797557123093,0.0,0.0,130.4819296932454,91.83108311735658,158.4827676704274,100.45441589450374,0.0,162.8656608824512,90.53421217341398,65.39809686897269,0.0,0.0,0.0,0.0,0.0
38550.0,0.0,97.33860856783333,90.43922380357465,74.4283457101152,71.29969528300133,68.14857777998498,62.35886500628329,85.16894633860446,175.77461725258718,100.32112161953313,0.0,0.0,130.00029777099053,92.49069214210328,158.6550032090054,100.24297757060913,0.0,162.55178160329788,90.27083013258715,65.21474485295666,0.0,0.0,0.0,0.0,0.0
38850.0,0.0,97.16051905885834,90.22250713175274,74.28701979605418,71.3761341165375,68.18848512858588,62.20712513568308,85.5390484934934,176.08266164454082,99.95243025519241,0.0,0.0,130.9157826466833,92.296872962321,158.75717271506187,100.30998556299127,0.0,162.44520018041558,90.41327738509024,65.4514802747207,0.0,0.0,0.0,0.0,0.0
39150.0,0.0,97.24258008474726,90.49375474346878,74.16586675578807,71.16353214925277,68.41829561160492,62.31254859585854,85.4838282184466,175.6336198372396,100.45747711086004,0.0,0.0,129.96576462941044,92.39718017773065,158.89314329020266,100.38182713639775,0.0,162.70861003531587,90.29978962454854,65.1075962279554,0.0,0.0,0.0,0.0,0.0
39450.0,0.0,97.45114834383726,90.33804079843928,74.44958505915757,71.28037877860359,68.41916259020039,62.06827705634765,85.01434482395749,175.93808934430197,100.11243148336861,0.0,0.0,129.95592701745366,92.41781276424274,158.73458351698272,100.21951619860178,0.0,162.34130843250477,90.31553723647119,65.09480556543807,0.0,0.0,0.0,0.0,0.0
39750.0,0.0,97.24084224593624,90.11291273932275,74.11787053718835,71.35039975765207,67.93006847352798,62.084540372417734,85.13556098048727,175.29076308409444,100.13196207051809,0.0,0.0,130.9148153510901,92.44885717856987,158.12796979645458,100.20778511784677,0.0,162.69185424855633,90.11774560529543,65.24949066362572,0.0,0.0,0.0,0.0,0.0
40050.0,0.0,97.2007878259195,90.37011043582662,74.27244017248574,71.30612381055903,68.19104941807959,62.23930285880728,84.99087395204879,175.7157356918878,100.6034111960271,0.0,0.0,130.14890422451504,92.43204031476938,158.63893065094544,100.3667538314258,0.0,161.5890080889281,90.09556173473095,65.088215273628,0.0,0.0,0.0,0.0,0.0
40350.0,0.0,97.04231691150316,90.2946789613799,74.380355093394,71.09100985573944,68.28005526334151,61.93556879231984,85.48429062883567,175.68147810978712,100.50470219708643,0.0,0.0,130.3094949821743,92.07039690053763,158.65644727217003,100.20941577356865,0.0,162.41663297144467,89.90665569262455,64.77397348563763,0.0,0.0,0.0,0.0,0.0
40650.0,0.0,97.10531663971321,90.27838898605248,74.21466884899185,70.99857707175228,68.04756071406092,62.266953940887184,85.1218975725129,175.5668669964677,100.13810988793783,0.0,0.0,130.18354545445064,92.01952393745408,158.3351310471053,99.94343177044476,0.0,161.44511256859988,90.31400938257676,65.08345216806603,0.0,0.0,0.0,0.0,0.0
40950.0,0.0,97.35557691401448,90.08489442939057,74.01175800706041,70.97012745988752,68.21367200804583,62.17364835376776,84.89050280911647,175.6026788787068,100.39078182606025,0.0,0.0,130.12964182590324,92.17836820359557,158.52893219076634,100.04736111747974,0.0,162.57919541612088,90.17229590816638,65.18941014086727,0.0,0.0,0.0,0.0,0.0
41250.0,0.0,97.07187112446682,89.87611542341308,74.27498644141524,71.23265929862129,68.01510283385363,62.08715266292758,85.39905283173773,174.69335437302914,100.43395764008575,0.0,0.0,130.15928709102045,92.11107636539171,158.06165896951015,99.95409116067125,0.0,162.87456356480814,90.29150415772827,65.09251863500971,0.0,0.0,0.0,0.0,0.0
41550.0,0.0,97.23599496993607,90.05277639210563,73.98597086718013,70.97246693809232,67.98393236775811,62.332645615820404,85.26276313890011,174.94091086204514,100.13909658423037,0.0,0.0,130.46798408505805,92.05302962046828,158.24453144205265,100.19977816815768,0.0,162.54126243013746,90.03577554464147,65.31949651034691,0.0,0.0,0.0,0.0,0.0
41850.0,0.0,97.09761077349083,90.28129769324606,74.21519576847253,71.2576673652492,68.19964939119544,62.311720293251895,85.08555248294914,174.92492257331298,100.28770506051363,0.0,0.0,129.94766209174384,91.9451327251643,157.9972746799469,100.03981199712638,0.0,162.18161103375348,90.06284721182509,65.24873797595201,0.0,0.0,0.0,0.0,0.0
42150.0,0.0,97.02194739432863,90.11381259169798,73.95253268542652,71.11099926780452,68.02430016580864,62.12957247979511,85.07415137906804,175.08796749225718,100.1961450508756,0.0,0.0,130.85271364011888,92.26632136752885,158.0531308229414,100.50681593229238,0.0,162.5545049075967,89.79110068611975,65.15679457785573,0.0,0.0,0.0,0.0,0.0
42450.0,0.0,96.87945962976747,90.03865425376188,74.15433801260558,71.2832259004236,68.0910339670189,62.27253542803052,85.08215801227679,175.10961248948985,100.09126321319937,0.0,0.0,129.98270625245706,91.96655496263696,157.8989829475924,99.984568047723,0.0,162.42989788492275,89.96756443079556,65.18922408673018,0.0,0.0,0.0,0.0,0.0
42750.0,0.0,97.00872972848005,89.74257908996756,74.05718919803518,71.03389632641792,67.86929717211503,62.094087216313106,84.70272269018427,175.12080569231253,100.2880299860384,0.0,0.0,130.21565871122192,92.39721963939435,157.48509817890925,99.90969519141876,0.0,162.11500629385887,89.88563693910028,65.06345748753617,0.0,0.0,0.0,0.0,0.0
43050.0,0.0,97.03637586824966,90.21919383784898,74.01440777289288,71.24913331145002,68.15028895392977,62.01436928970346,85.12676646270423,174.71178279003118,99.91657810251981,0.0,0.0,130.03805919564093,92.08224919566979,157.562832566401,100.43330830248897,0.0,162.12612714981483,90.05805537694769,65.16030380330761,0.0,0.0,0.0,0.0,0.0
